experiment_id,config_hash,game_id,round,agent_id,avatar_name,prompt_type,raw_response,parsed_result,timestamp
exp_074_control,1c431d15,exp_074_control_game1,1,agent_0,Alice,contribution_iter0,"<REASONING>
In this game, the objective is to maximize my overall coins by the end of each round. The decision on how much to contribute to the public fund requires balancing between contributing enough to increase the multiplied public fund payout and keeping enough in my private fund to ensure a steady base of coins. 

Key factors to consider:
1. **Multiplier Effect:** The public fund amount is doubled (2.34x), so contributing more can result in a higher payout for all. This means if everyone contributes all their coins, we all benefit greatly.
2. **Free Rider Problem:** Some may choose not to contribute at all, hoping others will contribute a lot and they can still benefit from the payout.
3. **Reciprocal Behavior:** If other players notice high contributions, they might also be incentivized to contribute more in future rounds, assuming players reward each other based on contributions.
4. **Rewards:** Players might distribute rewards based on contributions, affecting net gains. It could be beneficial to contribute more to earn these rewards.

My initial strategy is to test the waters and show goodwill by contributing a substantial amount, yet not all my coins. This can signal to others my cooperative intent, possibly encouraging similar contributions from them, maximizing everyone's payoff.
</REASONING>
<CONTRIBUTE>
15
</CONTRIBUTE>",15,2026-01-23T07:33:11.345704
exp_074_control,1c431d15,exp_074_control_game1,1,agent_1,Bob,contribution_iter0,"<REASONING>
In deciding how much to contribute, I should consider the potential return from the public fund after it is multiplied and distributed. Contributing more to the public fund helps maximize the total amount that will be multiplied and subsequently shared among all players, potentially leading to a higher overall payoff if others contribute generously as well. However, there is a risk that others might choose to contribute less or nothing at all, aiming to maximize their own private funds without adding to the public pot, which could decrease the overall effectiveness of my contribution. 

I should also consider the ability to reward others afterward; if others contribute generously, I might reward them to encourage cooperative behavior in future rounds. On the other hand, contributing too little might deter trust and cooperative behavior from others.

In terms of Game Theory, the optimal strategy for collective benefit is maximum contribution, but individual rationality might push some towards contributing less, hoping to 'free ride' on others' contributions. Starting off with a moderate to high contribution can be a good strategy to set a cooperative tone and encourage reciprocation in future rounds.

Given this is the first round and players might be testing the waters, I will contribute a substantial amount but not the maximum to mitigate any potential negative outcomes.
</REASONING>
<CONTRIBUTE>
15
</CONTRIBUTE>",15,2026-01-23T07:33:11.345804
exp_074_control,1c431d15,exp_074_control_game1,1,agent_2,Charlie,contribution_iter0,"<REASONING>
In this public goods game, I need to consider both my immediate payoff and the long-term benefits of cooperation. If everyone contributes their entire endowment, the public fund would be multiplied by 2.34 and then divided by 13, which could potentially lead to a larger overall payoff for everyone. However, contributing less or withdrawing more to my private fund assures me a guaranteed amount. 

I should consider the behavior of other players—whether they are likely to cooperate and also contribute more to the public fund. If others are observed to contribute less, it might encourage a free-rider behavior and may not be optimal for me to contribute all my coins. Communication with other players can also potentially influence their decisions to cooperate.

For the first round, since I have no history or observable patterns from other players' contributions, I think it would be reasonable to start with a moderate contribution as a way to test the waters. Contributing a moderate amount balances the risk and reward, and signals my willingness to cooperate without fully committing all of my coins.

</REASONING>
<CONTRIBUTE>
10
</CONTRIBUTE>",10,2026-01-23T07:33:11.345834
exp_074_control,1c431d15,exp_074_control_game1,1,agent_3,Diana,contribution_iter0,"<REASONING>
In this public goods game, the group benefits most if everyone contributes all their coins, as the total contribution is multiplied by 2.34 before being redistributed. However, each player also has an incentive to free-ride by contributing less or none, relying on others to contribute, which results in a higher individual payoff.

Key factors to consider include:
- The potential for cooperation: If everyone trusts each other to contribute fully, the entire group earns more.
- The incentive for individual profit: By contributing less, I can keep more coins in my private fund while still benefiting from the public fund's redistribution.
- Communication: Encouraging other players might help promote cooperation. It's important to communicate clearly to establish trust and shared goals.
- The ability to reward: After contributions are revealed, rewarding players who contributed generously may encourage future cooperation.

My strategy is to set a good example by contributing a substantial amount to foster trust and cooperation among the players. Contributing all 20 coins would indicate a strong commitment to the collective success of the group, potentially motivating others to do the same. However, I must consider the likelihood of free-riders who withdraw more coins to maximize their private gains.

Given the high multiplication factor (2.34), the potential collective payoff is significant, which might sway more players to contribute all or most of their coins. Thus, I will contribute 15 coins and keep 5 in my private fund as a balanced approach to test the group's willingness to cooperate.
</REASONING>
<CONTRIBUTE>
15
</CONTRIBUTE>",15,2026-01-23T07:33:11.345869
exp_074_control,1c431d15,exp_074_control_game1,1,agent_4,Eve,contribution_iter0,"<REASONING>
In this public goods game, cooperation is key to maximizing the collective payoff, as contributions are multiplied by 2.34 before being distributed. However, there's a temptation to free-ride by withdrawing all coins to keep a larger private fund while benefiting from others' contributions. 

Key factors to consider include:
1. Trust: Establishing a norm of high contribution can lead to mutual trust and larger payouts in future rounds.
2. Reputation: As players can communicate and reward each other, initial generosity could be met with reciprocal contributions and rewards.
3. Risk: Higher initial contributions involve risk if others choose to free-ride, leading to less overall payout for contributors.
4. Incentives: The reward system allows players to incentivize cooperation, so being generous initially might earn rewards from others.
5. Long-term strategy: Contributing generously might set a standard for future rounds, encouraging others to contribute more, benefiting all players in subsequent rounds.

My strategy is to contribute a significant amount initially to signal cooperation and establish a trust-based relationship with other players. By doing so, I hope to encourage a norm of generosity, increasing collective benefits.

</REASONING>
<CONTRIBUTE>
15
</CONTRIBUTE>",15,2026-01-23T07:33:11.345896
exp_074_control,1c431d15,exp_074_control_game1,1,agent_5,Frank,contribution_iter0,"<REASONING>
In this game, each player starts with 20 coins and must decide how much to contribute to the public fund. Once contributions are multiplied by 2.34 and distributed, everyone gets a share of the multiplied contributions, regardless of their initial contribution.

First, let's consider the best outcome for the group collective. If everyone contributes all their coins to the public fund, the group's total will be 260 coins, leading to a post-multiplication amount of 608.4 coins. When distributed among 13 players, each would receive approximately 46.8 coins. This is the mathematically optimal outcome for everyone, but it requires complete trust and cooperation.

However, each player might act out of self-interest. If I contribute all 20 coins and others contribute little or nothing, I might end up with less after redistribution than if I had kept some coins. The same thought might occur to others, leading to less-than-optimal contributions.

The strategy that balances cooperation and caution involves moderately contributing a decent amount to signal cooperation while hedging against low contributions from others. My decision will likely influence and be influenced by others' willingness to cooperate through future rounds and rewards.

I will also consider future reward stages. Contributing more initially might lead to additional rewards from cooperative teammates.

For this round, my strategy is to contribute a significant portion to the public fund to foster trust and cooperation, while maintaining enough in reserve for personal security or future strategic decisions.
</REASONING>
<CONTRIBUTE>
15
</CONTRIBUTE>",15,2026-01-23T07:33:11.345920
exp_074_control,1c431d15,exp_074_control_game1,1,agent_6,Grace,contribution_iter0,"<REASONING>
In this game, I need to think about how my contribution to the public fund will affect both my immediate payoff and my standing with the other players.

Factors to consider:
1. **Public Fund Multiplier**: The amount we collectively contribute to the public fund will be multiplied by 2.34. This means that a larger collective contribution can lead to a higher total payout shared among all players.
2. **Others' Contribution Decisions**: I must anticipate that other players might either be generous, contributing a high amount, or they may choose to be more conservative and keep more coins for themselves.
3. **Strategy of Reciprocity**: If I start by contributing a higher amount, it might encourage others to do the same in subsequent rounds, fostering a cooperative atmosphere.
4. **Reward and Punishment Stage**: After contributions are revealed, players can reward those who contribute more. So, higher contributions might earn me rewards from peers, effectively boosting my payoff.

Key considerations for my strategy:
- **Initial Trust Building**: Start with a relatively high contribution to signal trust and encourage collaboration.
- **Observation and Adaptation**: In the following rounds, adjust based on others' behaviors—rewarding those who contribute generously and reconsider my strategy regarding those who consistently contribute less.

Balancing these factors, I will start with a moderate to high contribution to encourage cooperation while retaining some private funds for personal payoff.
</REASONING>
<CONTRIBUTE>
15
</CONTRIBUTE>",15,2026-01-23T07:33:11.345948
exp_074_control,1c431d15,exp_074_control_game1,1,agent_7,Hank,contribution_iter0,"<REASONING>
In this game, the goal is to optimize the collective benefits while maintaining individual gains. The public fund contributions, after being multiplied, are shared among all players, so contributing more benefits everyone. However, the initial motivation for individuals is to minimize their own contribution to keep more coins private while hoping others contribute more to the public fund. This is a classic public goods dilemma.

Factors to consider:
1. Group Dynamics: Since we can communicate, it's important to gauge trust and cooperation levels among players. Encouraging mutual cooperation can lead to higher collective payoffs.
2. Personal Benefit vs. Group Benefit: Determining the balance between contributing too much (which benefits others more) and too little (risking a poor group fund that affects everyone's payoff).
3. Reward Phase: Post-contribution rewards can incentivize cooperation. Knowing that contributions might earn rewards could push players to contribute more.

My strategy will be to start by contributing a significant portion to signal my willingness to cooperate, hoping it encourages others to do the same. I'll contribute 10 coins, retaining 10 for private security. This middle-ground approach balances personal gain with the potential for collective profit and sets a cooperative tone.
</REASONING>
<CONTRIBUTE>
10
</CONTRIBUTE>",10,2026-01-23T07:33:11.345972
exp_074_control,1c431d15,exp_074_control_game1,1,agent_8,Ivy,contribution_iter0,"<REASONING>
In this multiplayer online public goods game, my objective is to maximize my total payoff. Each player starts with an endowment of 20 coins, and the total coins in the public fund are multiplied by 2.34 and then evenly distributed among all players. This multiplier provides a clear incentive to contribute to the public fund, as it increases the total amount available for redistribution.

Key factors I should consider include:
1. **Multiplier Benefit:** Contributing to the fund can lead to a higher payoff for everyone if enough players contribute, especially since the total contributions are multiplied by 2.34.
2. **Free-Riding Players:** Some players might choose to contribute less or nothing to the public fund and rely on others to contribute, so they can benefit from receiving the redistributed amount without contributing much themselves.
3. **Cooperation and Trust:** Initial contributions may set a tone for cooperating throughout the game. If most players contribute a fair amount from the start, it's more likely they will continue to do so in subsequent rounds.
4. **Communication and Social Dynamics:** We can communicate with each other, influencing decisions and potentially coordinating contributions to maximize collective benefit.

Given these considerations, strategically, I would like to encourage cooperation among players. To do this, I will contribute a substantial portion but keep a portion as a reserve. This will demonstrate my willingness to cooperate without heavily risking my private funds if others choose not to reciprocate. 

By observing the contribution patterns in the first round, I can adjust my strategy in subsequent rounds based on whether others are contributing or free-riding.

</REASONING>
<CONTRIBUTE>
15
</CONTRIBUTE>",15,2026-01-23T07:33:11.345996
exp_074_control,1c431d15,exp_074_control_game1,1,agent_9,Jack,contribution_iter0,"<REASONING>
In this game, the key consideration is the balance between individual benefits and collective gain. Contributing more to the public fund benefits the group since the total amount will be multiplied and evenly distributed, but if everyone free-rides, withdrawing all their coins to private funds, nobody gains the benefit of a large multiplier payout.

My strategy involves both maximizing personal payoff and encouraging group cooperation. Initially, I will assume some players will contribute less out of cautiousness, so starting with a semi-cooperative approach might encourage others to do the same. By withdrawing less and contributing more in the first round, I can signal my willingness to cooperate, hoping others reciprocate in future rounds. It’s a risk, but if others see that contribution leads to higher payoff, they might follow suit.

Additionally, the reward stage is significant. Positive reinforcement through rewards can promote cooperation and mutual benefits. I will consider rewarding those who contribute a high amount, which may encourage a culture of cooperation.

Considering the group size and anonymous nature, communication and the reward phase will play a crucial role in guiding behaviors. For this round, I'll withdraw some coins but still make a strong contribution to express my cooperative intent.
</REASONING>
<CONTRIBUTE>
15
</CONTRIBUTE>",15,2026-01-23T07:33:11.346020
exp_074_control,1c431d15,exp_074_control_game1,1,agent_10,Kate,contribution_iter0,"<REASONING>
In this game, collaboration maximizes the payoff since the total contribution to the public fund is multiplied by 2.34 and then divided among all players. The optimal strategy, considering collective welfare, would be for everyone to contribute as much as possible to maximize the return. However, I should also consider that other players might not fully cooperate, opting instead to keep more in their private funds, benefiting from others' contributions without sacrificing much themselves. If everyone thinks this way, the public fund could be smaller, and collective payoff would decrease.

I need to weigh the risk of others acting selfishly against the reward of cooperative behavior. In the first round, since contributions are unknown, it is an opportunity to set a positive tone by contributing a significant amount, encouraging others to do the same. Additionally, I can adjust my strategy in subsequent rounds based on observed behaviors. For now, contributing a high amount demonstrates trust and may influence others positively.

Given these considerations, my strategy is to initially contribute a substantial amount, perhaps not the full 20 coins but a significant portion to show a willingness to cooperate while retaining some in my private fund as a safety net.
</REASONING>
<CONTRIBUTE>
15
</CONTRIBUTE>",15,2026-01-23T07:33:11.346040
exp_074_control,1c431d15,exp_074_control_game1,1,agent_11,Liam,contribution_iter0,"<REASONING>
In this game, the goal is to maximize my total coins. The public fund enhances everyone’s payoff if many people contribute. However, there's an incentive to free-ride by withdrawing more coins, benefiting disproportionately from the group effort. Since this is the first round, I need to gather information on others' behaviors and establish a cooperative atmosphere. 

The other players are likely contemplating similar strategies, potentially creating dynamics where some contribute fully and others minimally. Thus, contributing a moderate amount is wise; it signals a willingness to cooperate without overcommitting.

My strategy for this round is to contribute more than half, demonstrating trust and encouraging others to follow, while observing their behaviors for subsequent rounds.
</REASONING>
<CONTRIBUTE>
10
</CONTRIBUTE>",10,2026-01-23T07:33:11.346063
exp_074_control,1c431d15,exp_074_control_game1,1,agent_12,Mia,contribution_iter0,"<REASONING>
In this multi-player online public goods game, the objective is to maximize our individual payoffs while also considering the collective benefit of the group. Starting with the 20 coins in the public fund, any amount withdrawn to the private fund remains solely mine, unaffected by the contributions of others. On the other hand, contributing to the public fund leads to a multiplier effect, as it is amplified by 2.34 before being evenly distributed among all players.

One major factor to consider is the behavior of other participants. If they contribute generously to the public fund, the collective payoff will be higher, benefiting everyone. However, if many players lean towards withdrawing coins for their private funds, the effectiveness of the public fund contribution diminishes.

A strategic approach involves striking a balance between contributing a fair amount to the public fund and ensuring some coins remain in my private fund to maintain a stable payoff. Participants might have a tendency to observe and adapt based on others' contributions, potentially leading to increased contributions in future rounds.

Given this is the first round and there is no historical player behavior to guide my decision, I'll contribute a moderate amount to encourage similar cooperative behavior from others, while retaining some coins for guaranteed individual gain.
</REASONING>
<CONTRIBUTE>
10
</CONTRIBUTE>",10,2026-01-23T07:33:11.346079
